{"id":"961465ab-d933-4fbc-8d36-97594377d44f","name":"Exercicio20","key":"Exercicio20","description":"","editorJson":{"resourceId":"961465ab-d933-4fbc-8d36-97594377d44f","properties":{"process_id":"Exercicio20","name":"Exercicio20","documentation":"","process_author":"","process_version":"","process_namespace":"http://www.activiti.org/processdef","executionlisteners":"","eventlisteners":"","signaldefinitions":"","messagedefinitions":""},"stencil":{"id":"BPMNDiagram"},"childShapes":[{"resourceId":"startEvent1","properties":{"overrideid":"","name":"","documentation":"","executionlisteners":"","initiator":"","formkeydefinition":"","formreference":"","formproperties":""},"stencil":{"id":"StartNoneEvent"},"childShapes":[],"outgoing":[{"resourceId":"sid-CF44CF2A-F5A7-448B-9540-19128B520E68"}],"bounds":{"lowerRight":{"x":120,"y":180},"upperLeft":{"x":90,"y":150}},"dockers":[]},{"resourceId":"sid-389573C2-5FD6-4BAF-B993-5C62D231F9FA","properties":{"overrideid":"","name":"Entrar em Casa","documentation":"","asynchronousdefinition":"false","exclusivedefinition":"false","executionlisteners":"","multiinstance_type":"None","multiinstance_cardinality":"","multiinstance_collection":"","multiinstance_variable":"","multiinstance_condition":"","isforcompensation":"false","usertaskassignment":{"assignment":{"type":"idm","idm":{"type":"initiator"}}},"formkeydefinition":"","formreference":{"id":"7a9919b8-85c9-4be6-813e-3b4b6cf8aa2c","name":"EntrarEmCasa","key":"EntrarEmCasa"},"duedatedefinition":"","prioritydefinition":"","formproperties":null,"tasklisteners":""},"stencil":{"id":"UserTask"},"childShapes":[],"outgoing":[{"resourceId":"sid-CD72CDAA-58B7-41C8-8154-55C44143A3E2"}],"bounds":{"lowerRight":{"x":295,"y":205},"upperLeft":{"x":195,"y":125}},"dockers":[]},{"resourceId":"sid-CF44CF2A-F5A7-448B-9540-19128B520E68","properties":{"overrideid":"","name":"","documentation":"","conditionsequenceflow":"","executionlisteners":"","defaultflow":"false"},"stencil":{"id":"SequenceFlow"},"childShapes":[],"outgoing":[{"resourceId":"sid-389573C2-5FD6-4BAF-B993-5C62D231F9FA"}],"bounds":{"lowerRight":{"x":194.78125,"y":165},"upperLeft":{"x":120.21875,"y":165}},"dockers":[{"x":15,"y":15},{"x":50,"y":40}],"target":{"resourceId":"sid-389573C2-5FD6-4BAF-B993-5C62D231F9FA"}},{"resourceId":"sid-C0D3B5F7-1B3B-4822-9803-DBD2D7576E7C","properties":{"overrideid":"","name":"Ver Temperatura","documentation":"","asynchronousdefinition":"false","exclusivedefinition":"false","executionlisteners":"","multiinstance_type":"None","multiinstance_cardinality":"","multiinstance_collection":"","multiinstance_variable":"","multiinstance_condition":"","isforcompensation":"false","usertaskassignment":{"assignment":{"type":"idm","idm":{"type":"initiator"}}},"formkeydefinition":"","formreference":{"id":"9126151a-4f53-4393-a6fa-9856b6b2d5c3","name":"VerTemperatura","key":"VerTemperatura"},"duedatedefinition":"","prioritydefinition":"","formproperties":"","tasklisteners":"","type":"http://b3mn.org/stencilset/bpmn2.0#UserTask","servicetaskclass":"","servicetaskexpression":"","servicetaskdelegateexpression":"","servicetaskfields":"","servicetaskresultvariable":""},"stencil":{"id":"UserTask"},"childShapes":[],"outgoing":[{"resourceId":"sid-D8EF7D6D-D7DA-4197-8C5F-2C9CD17D81E4"}],"bounds":{"lowerRight":{"x":670,"y":205},"upperLeft":{"x":570,"y":125}},"dockers":[]},{"resourceId":"sid-0A928773-DE9F-4314-A33B-0053BCE60C41","properties":{"overrideid":"","name":"","documentation":"","executionlisteners":""},"stencil":{"id":"EndNoneEvent"},"childShapes":[],"outgoing":[],"bounds":{"lowerRight":{"x":808,"y":179},"upperLeft":{"x":780,"y":151}},"dockers":[]},{"resourceId":"sid-D8EF7D6D-D7DA-4197-8C5F-2C9CD17D81E4","properties":{"overrideid":"","name":"","documentation":"","conditionsequenceflow":"","executionlisteners":"","defaultflow":"false"},"stencil":{"id":"SequenceFlow"},"childShapes":[],"outgoing":[{"resourceId":"sid-0A928773-DE9F-4314-A33B-0053BCE60C41"}],"bounds":{"lowerRight":{"x":779.40625,"y":165},"upperLeft":{"x":670.6171875,"y":165}},"dockers":[{"x":50,"y":40},{"x":14,"y":14}],"target":{"resourceId":"sid-0A928773-DE9F-4314-A33B-0053BCE60C41"}},{"resourceId":"sid-369E1BD1-7792-45E8-9381-1F5B57F7269A","properties":{"overrideid":"","name":"Ler Temperatura","documentation":"","asynchronousdefinition":"false","exclusivedefinition":"false","executionlisteners":"","multiinstance_type":"None","multiinstance_cardinality":"","multiinstance_collection":"","multiinstance_variable":"","multiinstance_condition":"","isforcompensation":"false","usertaskassignment":{"assignment":{"type":"idm","idm":{"type":"initiator"}}},"formkeydefinition":"","formreference":{"id":"09ee1692-6fc4-417c-b36f-6502c48f2a4f","name":"LerTemperatura","key":"LerTemperatura"},"duedatedefinition":"","prioritydefinition":"","formproperties":"","tasklisteners":""},"stencil":{"id":"UserTask"},"childShapes":[],"outgoing":[{"resourceId":"sid-2934EA01-BA86-45F5-826D-72D904E35420"}],"bounds":{"lowerRight":{"x":490,"y":205},"upperLeft":{"x":390,"y":125}},"dockers":[]},{"resourceId":"sid-CD72CDAA-58B7-41C8-8154-55C44143A3E2","properties":{"overrideid":"","name":"","documentation":"","conditionsequenceflow":"","executionlisteners":"","defaultflow":"false"},"stencil":{"id":"SequenceFlow"},"childShapes":[],"outgoing":[{"resourceId":"sid-369E1BD1-7792-45E8-9381-1F5B57F7269A"}],"bounds":{"lowerRight":{"x":389.48828125,"y":165},"upperLeft":{"x":295.51171875,"y":165}},"dockers":[{"x":50,"y":40},{"x":50,"y":40}],"target":{"resourceId":"sid-369E1BD1-7792-45E8-9381-1F5B57F7269A"}},{"resourceId":"sid-2934EA01-BA86-45F5-826D-72D904E35420","properties":{"overrideid":"","name":"","documentation":"","conditionsequenceflow":"","executionlisteners":"","defaultflow":"false"},"stencil":{"id":"SequenceFlow"},"childShapes":[],"outgoing":[{"resourceId":"sid-C0D3B5F7-1B3B-4822-9803-DBD2D7576E7C"}],"bounds":{"lowerRight":{"x":569.78125,"y":165},"upperLeft":{"x":490.21875,"y":165}},"dockers":[{"x":50,"y":40},{"x":50,"y":40}],"target":{"resourceId":"sid-C0D3B5F7-1B3B-4822-9803-DBD2D7576E7C"}}],"bounds":{"lowerRight":{"x":1200,"y":1050},"upperLeft":{"x":0,"y":0}},"stencilset":{"url":"stencilsets/bpmn2.0/bpmn2.0.json","namespace":"http://b3mn.org/stencilset/bpmn2.0#"},"ssextensions":[]}}