{"id":"847ab435-d3dd-4352-b7e2-1f03dca3eaa8","name":"VerTemperaturas","key":"VerTemperaturas","description":"","editorJson":{"name":"VerTemperaturas","key":"VerTemperaturas","version":0,"fields":[{"fieldType":"ExpressionFormField","id":"label","name":"Label","type":"expression","value":null,"required":false,"readOnly":false,"overrideId":false,"placeholder":null,"layout":null,"sizeX":0,"sizeY":0,"expression":"Temperatura da Casa = ${temperaturadacasa} graus Celcius"},{"fieldType":"ExpressionFormField","id":"label","name":"Label","type":"expression","value":null,"required":false,"readOnly":false,"overrideId":false,"placeholder":null,"layout":null,"sizeX":0,"sizeY":0,"expression":"Temperatura Exterior = ${temperaturaexterior} graus Celcius"},{"fieldType":"ExpressionFormField","id":"label","name":"Label","type":"expression","value":null,"required":false,"readOnly":false,"overrideId":false,"placeholder":null,"layout":null,"sizeX":0,"sizeY":0,"expression":"Estado de HVAC = ${hvac}"}],"outcomes":[]}}