{"id":"daaec218-9d1c-41b1-9932-c1bc37a4c6fe","name":"EntrarEmCasa22","key":"EntrarEmCasa22","description":"","editorJson":{"name":"EntrarEmCasa22","key":"EntrarEmCasa22","version":0,"fields":[{"fieldType":"FormField","id":"nomeutilizador","name":"Nome Utilizador","type":"text","value":null,"required":false,"readOnly":false,"overrideId":false,"placeholder":null,"layout":null,"sizeX":0,"sizeY":0},{"fieldType":"FormField","id":"temperaturadeconforto","name":"Temperatura de Conforto","type":"integer","value":null,"required":false,"readOnly":false,"overrideId":false,"placeholder":null,"layout":null,"sizeX":0,"sizeY":0}],"outcomes":[]}}