{"id":"92ee7875-266f-4239-a4bd-409f41348923","name":"Equipamentos","key":"Equipamentos","description":"","editorJson":{"name":"Equipamentos","key":"Equipamentos","version":0,"fields":[{"fieldType":"OptionFormField","id":"ligarequipamentos","name":"Ligar Equipamentos","type":"radio-buttons","value":"Aquecimento","required":false,"readOnly":false,"overrideId":false,"placeholder":null,"layout":null,"sizeX":0,"sizeY":2,"optionType":null,"hasEmptyValue":null,"options":[{"id":null,"name":"Aquecimento"},{"id":null,"name":"A/C"},{"id":null,"name":"Nada"}]}],"outcomes":[]}}