{"id":"406cb939-86fe-4ca1-80f0-6ceb715031b7","name":"VerTemperaturas","key":"VerTemperaturas","description":"","editorJson":{"name":"VerTemperaturas","key":"VerTemperaturas","version":0,"fields":[{"fieldType":"ExpressionFormField","id":"label","name":"Label","type":"expression","value":null,"required":false,"readOnly":false,"overrideId":false,"placeholder":null,"layout":null,"sizeX":0,"sizeY":0,"expression":"Olá ${nomeutilizador}! O ${ligarequipamentos} está ligado"},{"fieldType":"ExpressionFormField","id":"label","name":"Label","type":"expression","value":null,"required":false,"readOnly":false,"overrideId":false,"placeholder":null,"layout":null,"sizeX":0,"sizeY":0,"expression":"Temperatura da Casa = ${temperaturadacasa} Graus Celcius"},{"fieldType":"ExpressionFormField","id":"label","name":"Label","type":"expression","value":null,"required":false,"readOnly":false,"overrideId":false,"placeholder":null,"layout":null,"sizeX":0,"sizeY":0,"expression":"Temperatura da Exterior = ${temperaturaexterior} Graus Celcius"},{"fieldType":"ExpressionFormField","id":"label","name":"Label","type":"expression","value":null,"required":false,"readOnly":false,"overrideId":false,"placeholder":null,"layout":null,"sizeX":0,"sizeY":0,"expression":"Temperatura de Conforto = ${temperaturadeconforto} Graus Celcius"}],"outcomes":[]}}