{"id":"85cc1711-f458-4d8a-985b-da8240d62d94","name":"VerTemperaturas","key":"VerTemperaturas","description":"","editorJson":{"name":"VerTemperaturas","key":"VerTemperaturas","version":0,"fields":[{"fieldType":"ExpressionFormField","id":"label","name":"Label","type":"expression","value":null,"required":false,"readOnly":false,"overrideId":false,"placeholder":null,"layout":null,"sizeX":0,"sizeY":0,"expression":"Temperatura da Casa = ${temperaturadacasa} graus Celcius"},{"fieldType":"ExpressionFormField","id":"label","name":"Label","type":"expression","value":null,"required":false,"readOnly":false,"overrideId":false,"placeholder":null,"layout":null,"sizeX":0,"sizeY":0,"expression":"Temperatura Exterior = ${temperaturaexterior} graus Celcius"}],"outcomes":[]}}